1,10101,1,4,2,5,5,5,5,3,2,5,5,1,9999,9999,9999,9999,9999,9999,9999,9999,9999,4,4,5
1,10103,4,3,4,5,2,5,5,5,1,5,4,1,9999,9999,9999,9999,9999,9999,9999,9999,9999,2,5,5
1,10105,5,2,2,5,3,4,5,5,2,1,5,1,9999,9999,9999,9999,9999,9999,9999,9999,9999,4,4,5
1,10109,2,4,4,4,4,4,4,4,1,4,4,2,9999,9999,9999,9999,9999,9999,9999,9999,9999,2,5,4
1,10118,2,5,3,4,5,5,2,2,4,5,5,2,9999,9999,9999,9999,9999,9999,9999,9999,9999,3,2,4
1,10201,5,5,4,4,5,5,5,5,1,5,4,1,9999,9999,9999,9999,9999,9999,9999,9999,9999,2,5,5
1,10202,3,4,3,3,5,3,5,4,1,5,4,3,9999,9999,9999,9999,9999,9999,9999,9999,9999,3,5,3
1,10203,3,5,1,5,5,5,5,5,1,3,4,3,9999,9999,9999,9999,9999,9999,9999,9999,9999,5,5,3
1,10204,3,4,1,5,5,5,5,4,3,3,3,1,9999,9999,9999,9999,9999,9999,9999,9999,9999,5,3,5
1,10205,1,5,5,4,5,1,5,5,1,1,1,4,9999,9999,9999,9999,9999,9999,9999,9999,9999,1,5,2
1,10206,5,3,3,3,4,3,4,4,5,3,1,3,9999,9999,9999,9999,9999,9999,9999,9999,9999,3,1,3
1,10207,4,3,4,4,5,5,3,3,3,3,3,1,9999,9999,9999,9999,9999,9999,9999,9999,9999,2,3,5
1,10208,5,5,3,4,3,4,2,1,4,4,2,4,9999,9999,9999,9999,9999,9999,9999,9999,9999,3,2,2
1,10209,3,3,1,5,4,4,1,2,1,1,3,3,9999,9999,9999,9999,9999,9999,9999,9999,9999,5,5,3
1,10210,4,4,5,3,5,5,5,5,5,5,3,3,9999,9999,9999,9999,9999,9999,9999,9999,9999,1,1,3
1,10211,4,2,2,5,5,4,4,4,2,4,3,4,9999,9999,9999,9999,9999,9999,9999,9999,9999,4,4,2
1,10212,3,5,2,3,5,5,4,3,1,2,2,1,9999,9999,9999,9999,9999,9999,9999,9999,9999,4,5,5
1,10213,2,5,3,5,4,4,4,5,5,3,3,3,9999,9999,9999,9999,9999,9999,9999,9999,9999,3,1,3
1,10215,4,3,4,3,4,3,1,2,1,5,4,1,9999,9999,9999,9999,9999,9999,9999,9999,9999,2,5,5
1,10216,4,4,1,3,5,4,4,3,4,3,5,2,9999,9999,9999,9999,9999,9999,9999,9999,9999,5,2,4
1,10217,5,5,5,5,5,5,5,5,1,5,5,1,9999,9999,9999,9999,9999,9999,9999,9999,9999,1,5,5
1,10219,5,2,2,5,5,4,4,4,2,4,2,4,9999,9999,9999,9999,9999,9999,9999,9999,9999,4,4,2
1,10301,4,4,5,5,5,5,1,1,1,5,5,1,9999,9999,9999,9999,9999,9999,9999,9999,9999,1,5,5
1,10302,5,5,5,5,5,5,4,5,4,5,4,1,9999,9999,9999,9999,9999,9999,9999,9999,9999,1,2,5
1,10303,5,4,1,5,5,5,5,4,1,4,5,1,9999,9999,9999,9999,9999,9999,9999,9999,9999,5,5,5
1,10304,4,4,1,3,2,5,5,5,1,3,3,1,9999,9999,9999,9999,9999,9999,9999,9999,9999,5,5,5
1,10305,2,5,1,3,5,5,5,5,1,3,5,1,9999,9999,9999,9999,9999,9999,9999,9999,9999,5,5,5
1,10306,1,4,1,5,5,5,5,4,1,5,4,1,9999,9999,9999,9999,9999,9999,9999,9999,9999,5,5,5
1,10308,1,5,1,5,5,5,4,4,1,5,5,1,9999,9999,9999,9999,9999,9999,9999,9999,9999,5,5,5
1,10310,3,2,1,1,4,4,1,2,4,1,4,3,9999,9999,9999,9999,9999,9999,9999,9999,9999,5,2,3
1,10311,4,4,1,5,5,5,5,5,1,3,4,1,9999,9999,9999,9999,9999,9999,9999,9999,9999,5,5,5
1,10313,2,5,1,5,5,3,5,5,1,3,4,1,9999,9999,9999,9999,9999,9999,9999,9999,9999,5,5,5
1,10314,4,5,1,5,5,5,5,5,1,5,5,1,9999,9999,9999,9999,9999,9999,9999,9999,9999,5,5,5
1,10315,5,5,1,5,5,5,5,5,1,4,5,1,9999,9999,9999,9999,9999,9999,9999,9999,9999,5,5,5
1,10316,1,3,1,5,5,5,1,1,5,1,5,3,9999,9999,9999,9999,9999,9999,9999,9999,9999,5,1,3
1,10317,4,3,2,5,4,5,2,2,2,5,2,2,9999,9999,9999,9999,9999,9999,9999,9999,9999,4,4,4
1,10318,3,4,1,3,3,4,5,3,4,3,2,5,9999,9999,9999,9999,9999,9999,9999,9999,9999,5,2,1
1,10319,3,4,1,3,4,5,3,4,1,2,4,2,9999,9999,9999,9999,9999,9999,9999,9999,9999,5,5,4
1,10320,3,4,4,3,5,5,2,2,3,5,3,2,9999,9999,9999,9999,9999,9999,9999,9999,9999,2,3,4
1,10321,4,5,9999,5,5,5,3,3,1,4,5,1,9999,9999,9999,9999,9999,9999,9999,9999,9999,9999,5,5
1,10322,4,5,3,3,5,5,5,5,5,3,4,1,9999,9999,9999,9999,9999,9999,9999,9999,9999,3,1,5
1,10323,4,5,1,3,9999,9999,5,4,1,2,2,2,9999,9999,9999,9999,9999,9999,9999,9999,9999,5,5,4
1,10325,3,4,5,3,3,3,4,3,3,5,3,1,9999,9999,9999,9999,9999,9999,9999,9999,9999,1,3,5
1,10326,5,4,1,3,5,4,5,5,1,4,5,1,9999,9999,9999,9999,9999,9999,9999,9999,9999,5,5,5
1,10401,5,5,4,5,5,5,3,5,2,5,5,1,9999,9999,9999,9999,9999,9999,9999,9999,9999,2,4,5
1,10403,5,4,5,5,4,5,1,2,5,5,4,5,9999,9999,9999,9999,9999,9999,9999,9999,9999,1,1,1
1,10404,5,5,2,5,5,5,5,5,1,5,5,1,9999,9999,9999,9999,9999,9999,9999,9999,9999,4,5,5
1,10405,4,3,2,5,9999,4,2,3,1,3,4,2,9999,9999,9999,9999,9999,9999,9999,9999,9999,4,5,4
1,10406,3,5,3,5,5,5,5,5,1,4,3,1,9999,9999,9999,9999,9999,9999,9999,9999,9999,3,5,5
1,10407,4,4,3,3,4,4,3,3,3,3,3,1,9999,9999,9999,9999,9999,9999,9999,9999,9999,3,3,5
1,10409,4,5,4,2,4,5,3,5,3,4,5,1,9999,9999,9999,9999,9999,9999,9999,9999,9999,2,3,5
1,10410,4,5,5,5,5,5,5,4,1,5,5,5,9999,9999,9999,9999,9999,9999,9999,9999,9999,1,5,1
1,10411,3,4,4,3,4,3,4,4,2,5,4,3,9999,9999,9999,9999,9999,9999,9999,9999,9999,2,4,3
1,10412,3,5,2,5,5,5,5,4,2,2,5,1,9999,9999,9999,9999,9999,9999,9999,9999,9999,4,4,5
1,10413,5,9999,9999,5,5,5,5,5,4,5,5,4,9999,9999,9999,9999,9999,9999,9999,9999,9999,9999,2,2
1,10414,3,5,5,3,4,4,3,4,3,5,3,1,9999,9999,9999,9999,9999,9999,9999,9999,9999,1,3,5
1,10415,3,4,1,1,3,4,5,5,1,1,5,4,9999,9999,9999,9999,9999,9999,9999,9999,9999,5,5,2
1,10416,3,5,5,4,5,4,2,3,1,4,5,1,9999,9999,9999,9999,9999,9999,9999,9999,9999,1,5,5
1,10417,2,5,3,3,5,4,3,2,5,5,2,3,9999,9999,9999,9999,9999,9999,9999,9999,9999,3,1,3
1,10418,4,5,3,4,4,5,3,3,5,3,3,3,9999,9999,9999,9999,9999,9999,9999,9999,9999,3,1,3
1,10419,3,3,2,3,4,3,1,1,5,4,2,5,9999,9999,9999,9999,9999,9999,9999,9999,9999,4,1,1
1,10420,5,4,3,5,5,5,5,5,1,5,4,1,9999,9999,9999,9999,9999,9999,9999,9999,9999,3,5,5
1,10421,3,4,5,3,5,4,4,4,1,3,4,1,9999,9999,9999,9999,9999,9999,9999,9999,9999,1,5,5
1,10422,4,3,3,9999,3,5,3,4,3,3,3,1,9999,9999,9999,9999,9999,9999,9999,9999,9999,3,3,5
1,10423,3,4,2,3,3,3,3,3,1,3,2,5,9999,9999,9999,9999,9999,9999,9999,9999,9999,4,5,1
1,10425,2,4,1,3,4,5,5,5,4,4,4,1,9999,9999,9999,9999,9999,9999,9999,9999,9999,5,2,5
1,10426,5,5,2,5,5,5,5,5,5,5,5,5,9999,9999,9999,9999,9999,9999,9999,9999,9999,4,1,1
1,10428,3,5,1,2,5,5,2,1,2,5,5,2,9999,9999,9999,9999,9999,9999,9999,9999,9999,5,4,4
1,10429,1,3,5,5,5,5,9999,5,5,5,5,1,9999,9999,9999,9999,9999,9999,9999,9999,9999,1,1,5
1,10501,3,3,3,5,3,1,3,2,4,2,3,3,9999,9999,9999,9999,9999,9999,9999,9999,9999,3,2,3
1,10502,4,5,3,4,5,4,5,3,3,4,4,3,9999,9999,9999,9999,9999,9999,9999,9999,9999,3,3,3
1,10505,3,4,2,4,4,4,5,3,3,4,4,1,9999,9999,9999,9999,9999,9999,9999,9999,9999,4,3,5
1,10506,5,5,1,5,5,5,5,5,1,5,5,1,9999,9999,9999,9999,9999,9999,9999,9999,9999,5,5,5
1,10507,4,2,5,9999,9999,9999,9999,9999,9999,9999,9999,9999,9999,9999,9999,9999,9999,9999,9999,9999,9999,1,9999,9999
1,10508,4,9999,9999,3,5,5,4,3,1,3,3,3,9999,9999,9999,9999,9999,9999,9999,9999,9999,9999,5,3
1,10509,5,2,4,4,4,4,4,3,4,4,4,2,9999,9999,9999,9999,9999,9999,9999,9999,9999,2,2,4
1,10510,4,5,1,3,5,5,3,3,1,1,5,3,9999,9999,9999,9999,9999,9999,9999,9999,9999,5,5,3
1,10511,4,5,2,3,5,5,5,5,1,2,4,1,9999,9999,9999,9999,9999,9999,9999,9999,9999,4,5,5
1,10513,4,3,3,3,3,1,3,2,4,2,3,3,9999,9999,9999,9999,9999,9999,9999,9999,9999,3,2,3
1,10514,5,5,4,4,5,5,5,3,1,4,5,1,9999,9999,9999,9999,9999,9999,9999,9999,9999,2,5,5
1,10515,5,5,5,5,5,5,5,5,1,4,5,1,9999,9999,9999,9999,9999,9999,9999,9999,9999,1,5,5
1,10516,4,4,2,3,4,5,3,3,4,4,4,2,9999,9999,9999,9999,9999,9999,9999,9999,9999,4,2,4
1,10518,3,3,2,3,5,4,1,1,1,5,3,3,9999,9999,9999,9999,9999,9999,9999,9999,9999,4,5,3
1,10519,3,4,2,4,4,4,4,4,3,5,5,2,9999,9999,9999,9999,9999,9999,9999,9999,9999,4,3,4
1,10520,4,2,3,4,5,4,5,1,5,1,1,1,9999,9999,9999,9999,9999,9999,9999,9999,9999,3,1,5
1,10522,3,4,2,3,4,4,4,2,3,4,2,3,9999,9999,9999,9999,9999,9999,9999,9999,9999,4,3,3
1,10524,4,5,4,4,5,5,4,5,4,4,3,1,9999,9999,9999,9999,9999,9999,9999,9999,9999,2,2,5
1,10601,3,4,2,4,4,5,4,4,2,4,5,1,9999,9999,9999,9999,9999,9999,9999,9999,9999,4,4,5
1,10602,3,4,2,4,4,4,4,4,2,4,4,2,9999,9999,9999,9999,9999,9999,9999,9999,9999,4,4,4
1,10603,5,5,1,5,5,5,5,5,1,4,5,1,9999,9999,9999,9999,9999,9999,9999,9999,9999,5,5,5
1,10604,4,5,3,5,5,5,4,4,2,4,5,1,9999,9999,9999,9999,9999,9999,9999,9999,9999,3,4,5
1,10605,4,3,4,4,4,5,4,4,3,4,4,3,9999,9999,9999,9999,9999,9999,9999,9999,9999,2,3,3
1,10606,4,2,5,5,5,5,5,4,1,5,4,3,9999,9999,9999,9999,9999,9999,9999,9999,9999,1,5,3
1,10607,4,4,1,5,5,4,5,4,2,4,5,1,9999,9999,9999,9999,9999,9999,9999,9999,9999,5,4,5
1,10609,4,3,4,5,4,3,5,4,3,5,3,1,9999,9999,9999,9999,9999,9999,9999,9999,9999,2,3,5
1,10611,5,4,1,5,5,5,4,5,3,5,5,1,9999,9999,9999,9999,9999,9999,9999,9999,9999,5,3,5
1,10612,4,4,2,3,4,2,4,4,2,2,4,2,9999,9999,9999,9999,9999,9999,9999,9999,9999,4,4,4
1,10701,3,4,4,3,5,5,5,5,2,4,3,1,9999,9999,9999,9999,9999,9999,9999,9999,9999,2,4,5
1,10702,5,5,5,5,5,5,1,1,5,5,5,1,9999,9999,9999,9999,9999,9999,9999,9999,9999,1,1,5
1,10703,5,4,3,5,5,5,5,5,1,4,5,1,9999,9999,9999,9999,9999,9999,9999,9999,9999,3,5,5
1,10704,4,5,3,4,5,5,5,5,1,5,4,2,9999,9999,9999,9999,9999,9999,9999,9999,9999,3,5,4
1,10705,5,5,3,5,5,4,5,5,2,4,4,1,9999,9999,9999,9999,9999,9999,9999,9999,9999,3,4,5
1,10706,4,3,2,4,5,4,3,3,4,4,4,2,9999,9999,9999,9999,9999,9999,9999,9999,9999,4,2,4
1,10707,4,4,3,5,5,4,4,5,4,5,3,2,9999,9999,9999,9999,9999,9999,9999,9999,9999,3,2,4
1,10708,4,3,3,5,4,4,3,4,3,4,4,2,9999,9999,9999,9999,9999,9999,9999,9999,9999,3,3,4
1,10709,5,3,5,3,5,3,5,5,3,5,4,1,9999,9999,9999,9999,9999,9999,9999,9999,9999,1,3,5
1,10710,4,5,5,5,5,5,5,5,4,1,5,5,9999,9999,9999,9999,9999,9999,9999,9999,9999,1,2,1
1,10711,4,5,2,5,3,2,5,5,5,5,3,2,9999,9999,9999,9999,9999,9999,9999,9999,9999,4,1,4
1,10712,5,5,3,5,5,4,5,5,3,5,5,3,9999,9999,9999,9999,9999,9999,9999,9999,9999,3,3,3
1,10713,4,5,3,5,5,4,3,5,1,5,4,1,9999,9999,9999,9999,9999,9999,9999,9999,9999,3,5,5
1,10715,4,5,3,5,4,4,3,4,2,3,4,3,9999,9999,9999,9999,9999,9999,9999,9999,9999,3,4,3
1,10716,4,4,1,5,5,4,4,5,1,5,4,3,9999,9999,9999,9999,9999,9999,9999,9999,9999,5,5,3
1,10717,5,5,3,4,5,4,4,3,1,5,1,4,9999,9999,9999,9999,9999,9999,9999,9999,9999,3,5,2
1,10719,1,4,5,5,4,2,3,3,5,1,3,5,9999,9999,9999,9999,9999,9999,9999,9999,9999,1,1,1
1,10720,5,1,1,1,3,5,1,3,1,3,1,1,9999,9999,9999,9999,9999,9999,9999,9999,9999,5,5,5
1,10721,5,4,4,4,4,5,4,4,5,3,5,1,9999,9999,9999,9999,9999,9999,9999,9999,9999,2,1,5
1,10725,4,3,2,4,3,2,2,3,2,4,3,1,9999,9999,9999,9999,9999,9999,9999,9999,9999,4,4,5
1,10801,3,5,1,5,5,5,3,4,2,4,5,1,9999,9999,9999,9999,9999,9999,9999,9999,9999,5,4,5
1,10802,5,5,5,5,5,5,5,5,5,5,5,5,9999,9999,9999,9999,9999,9999,9999,9999,9999,1,1,1
1,10803,5,3,1,2,4,5,2,4,5,5,4,5,9999,9999,9999,9999,9999,9999,9999,9999,9999,5,1,1
1,10804,5,5,4,5,5,5,5,5,1,5,5,1,9999,9999,9999,9999,9999,9999,9999,9999,9999,2,5,5
1,10805,4,9999,5,5,4,3,5,4,1,3,4,2,9999,9999,9999,9999,9999,9999,9999,9999,9999,1,5,4
1,10806,5,3,9999,5,5,3,5,4,3,4,3,3,9999,9999,9999,9999,9999,9999,9999,9999,9999,9999,3,3
1,10807,1,3,1,3,4,5,2,3,1,3,5,1,9999,9999,9999,9999,9999,9999,9999,9999,9999,5,5,5
1,10808,4,4,5,5,5,3,4,5,1,4,5,1,9999,9999,9999,9999,9999,9999,9999,9999,9999,1,5,5
1,10809,5,5,5,3,5,5,1,5,5,4,5,5,9999,9999,9999,9999,9999,9999,9999,9999,9999,1,1,1
1,10810,5,5,5,3,4,5,4,4,3,4,4,1,9999,9999,9999,9999,9999,9999,9999,9999,9999,1,3,5
1,10811,5,4,5,3,5,4,2,3,3,1,3,5,9999,9999,9999,9999,9999,9999,9999,9999,9999,1,3,1
1,10812,5,4,1,4,5,5,5,5,4,5,5,2,9999,9999,9999,9999,9999,9999,9999,9999,9999,5,2,4
1,10813,4,5,1,5,3,3,5,5,1,3,3,2,9999,9999,9999,9999,9999,9999,9999,9999,9999,5,5,4
1,10814,5,5,5,3,4,5,1,1,5,5,1,1,9999,9999,9999,9999,9999,9999,9999,9999,9999,1,1,5
1,10815,5,5,5,3,5,4,4,1,5,5,1,5,9999,9999,9999,9999,9999,9999,9999,9999,9999,1,1,1
1,10816,2,4,1,5,4,5,3,4,1,2,4,3,9999,9999,9999,9999,9999,9999,9999,9999,9999,5,5,3
1,10817,5,9999,1,9999,1,3,1,5,5,5,5,1,9999,9999,9999,9999,9999,9999,9999,9999,9999,5,1,5
1,10901,1,5,1,2,5,3,4,5,4,5,9999,5,9999,9999,9999,9999,9999,9999,9999,9999,9999,5,2,1
1,10902,9999,9999,9999,5,5,3,5,5,1,5,5,1,9999,9999,9999,9999,9999,9999,9999,9999,9999,9999,5,5
1,10902,5,5,1,5,1,5,1,5,5,1,5,5,9999,9999,9999,9999,9999,9999,9999,9999,9999,5,1,1
1,10904,5,1,4,5,5,5,5,5,1,5,5,9999,9999,9999,9999,9999,9999,9999,9999,9999,9999,2,5,9999
1,10907,5,4,5,5,5,1,5,5,1,4,5,1,9999,9999,9999,9999,9999,9999,9999,9999,9999,1,5,5
1,10908,5,1,5,5,5,5,5,5,5,5,5,2,9999,9999,9999,9999,9999,9999,9999,9999,9999,1,1,4
1,10909,4,4,4,5,5,5,5,5,5,5,5,9999,9999,9999,9999,9999,9999,9999,9999,9999,9999,2,1,9999
1,10910,5,4,5,5,5,5,5,3,1,5,5,1,9999,9999,9999,9999,9999,9999,9999,9999,9999,1,5,5
1,10911,5,5,5,5,5,5,5,5,1,5,5,1,9999,9999,9999,9999,9999,9999,9999,9999,9999,1,5,5
1,10912,9999,9999,9999,5,3,1,5,5,1,1,5,1,9999,9999,9999,9999,9999,9999,9999,9999,9999,9999,5,5
1,11001,5,5,4,4,3,5,5,4,3,5,5,5,9999,9999,9999,9999,9999,9999,9999,9999,9999,2,3,1
1,11002,4,4,2,3,5,4,5,5,4,3,4,3,9999,9999,9999,9999,9999,9999,9999,9999,9999,4,2,3
1,11003,2,2,1,3,5,1,1,1,5,3,3,1,9999,9999,9999,9999,9999,9999,9999,9999,9999,5,1,5
1,11004,3,5,3,3,4,4,4,3,4,1,2,1,9999,9999,9999,9999,9999,9999,9999,9999,9999,3,2,5
1,11005,3,4,3,5,4,5,3,5,5,5,4,1,9999,9999,9999,9999,9999,9999,9999,9999,9999,3,1,5
1,11006,3,3,3,5,5,5,5,5,3,3,4,1,9999,9999,9999,9999,9999,9999,9999,9999,9999,3,3,5
1,11007,5,3,5,4,5,4,4,5,4,3,4,3,9999,9999,9999,9999,9999,9999,9999,9999,9999,1,2,3
1,11008,4,3,2,3,4,3,5,5,1,3,2,1,9999,9999,9999,9999,9999,9999,9999,9999,9999,4,5,5
1,11009,3,2,3,3,3,3,1,1,1,3,3,1,9999,9999,9999,9999,9999,9999,9999,9999,9999,3,5,5
1,11010,4,5,1,5,5,5,5,4,5,5,5,1,9999,9999,9999,9999,9999,9999,9999,9999,9999,5,1,5
1,11011,3,3,5,3,3,4,3,3,4,3,2,4,9999,9999,9999,9999,9999,9999,9999,9999,9999,1,2,2
1,11012,3,4,1,3,4,4,4,3,4,3,4,3,9999,9999,9999,9999,9999,9999,9999,9999,9999,5,2,3
1,11013,4,5,1,4,5,5,4,3,1,3,5,1,9999,9999,9999,9999,9999,9999,9999,9999,9999,5,5,5
1,11014,3,4,5,2,4,4,2,3,3,4,3,1,9999,9999,9999,9999,9999,9999,9999,9999,9999,1,3,5
1,11015,5,5,1,5,5,5,5,5,3,5,5,1,9999,9999,9999,9999,9999,9999,9999,9999,9999,5,3,5
1,11016,4,5,2,5,5,5,4,4,2,4,5,1,9999,9999,9999,9999,9999,9999,9999,9999,9999,4,4,5
1,11019,3,3,5,3,4,3,3,3,3,3,4,1,9999,9999,9999,9999,9999,9999,9999,9999,9999,1,3,5
1,11020,3,1,1,1,3,1,1,1,4,4,1,1,9999,9999,9999,9999,9999,9999,9999,9999,9999,5,2,5
1,11021,5,5,3,3,5,5,2,2,5,3,5,1,9999,9999,9999,9999,9999,9999,9999,9999,9999,3,1,5
1,11022,5,5,5,5,5,5,5,5,5,5,5,1,9999,9999,9999,9999,9999,9999,9999,9999,9999,1,1,5
1,11023,4,4,2,4,5,5,2,3,2,1,5,1,9999,9999,9999,9999,9999,9999,9999,9999,9999,4,4,5
1,11024,4,3,4,4,4,3,4,4,2,4,4,1,9999,9999,9999,9999,9999,9999,9999,9999,9999,2,4,5
1,11025,4,5,2,4,5,4,3,3,3,3,3,2,9999,9999,9999,9999,9999,9999,9999,9999,9999,4,3,4
1,11102,3,4,5,4,5,4,3,4,5,5,4,1,9999,9999,9999,9999,9999,9999,9999,9999,9999,1,1,5
1,11103,1,3,1,1,1,1,2,1,2,3,3,5,9999,9999,9999,9999,9999,9999,9999,9999,9999,5,4,1
1,11104,3,4,2,3,5,4,1,1,5,3,4,1,9999,9999,9999,9999,9999,9999,9999,9999,9999,4,1,5
1,11106,2,5,1,5,5,5,1,5,5,1,5,5,9999,9999,9999,9999,9999,9999,9999,9999,9999,5,1,1
1,11107,3,5,5,5,5,5,4,4,1,1,5,1,9999,9999,9999,9999,9999,9999,9999,9999,9999,1,5,5
1,11108,5,5,1,5,5,5,5,5,1,5,5,1,9999,9999,9999,9999,9999,9999,9999,9999,9999,5,5,5
1,11109,4,5,5,5,5,5,5,5,3,3,5,2,9999,9999,9999,9999,9999,9999,9999,9999,9999,1,3,4
1,11112,5,4,3,5,5,5,5,5,1,5,5,1,9999,9999,9999,9999,9999,9999,9999,9999,9999,3,5,5
1,11114,5,5,1,5,5,5,4,4,1,4,5,1,9999,9999,9999,9999,9999,9999,9999,9999,9999,5,5,5
1,11115,4,2,2,3,3,4,2,2,5,3,2,1,9999,9999,9999,9999,9999,9999,9999,9999,9999,4,1,5
1,11117,2,5,2,4,5,5,5,5,1,5,4,1,9999,9999,9999,9999,9999,9999,9999,9999,9999,4,5,5
1,11118,3,3,4,5,5,4,3,4,2,3,4,1,9999,9999,9999,9999,9999,9999,9999,9999,9999,2,4,5
1,11119,3,5,3,4,4,4,3,3,3,3,4,1,9999,9999,9999,9999,9999,9999,9999,9999,9999,3,3,5
1,11120,4,4,2,5,5,5,4,4,2,4,4,2,9999,9999,9999,9999,9999,9999,9999,9999,9999,4,4,4
1,11121,4,3,3,3,5,4,1,3,4,5,5,4,9999,9999,9999,9999,9999,9999,9999,9999,9999,3,2,2
1,11201,3,4,2,4,5,5,3,2,2,3,4,1,9999,9999,9999,9999,9999,9999,9999,9999,9999,4,4,5
1,11202,5,5,5,5,5,5,5,5,1,3,3,1,9999,9999,9999,9999,9999,9999,9999,9999,9999,1,5,5
1,11203,3,3,5,3,3,3,5,2,5,5,1,5,9999,9999,9999,9999,9999,9999,9999,9999,9999,1,1,1
1,11204,3,4,5,3,3,3,5,3,3,4,3,3,9999,9999,9999,9999,9999,9999,9999,9999,9999,1,3,3
1,11205,5,5,3,5,5,5,5,5,1,5,5,1,9999,9999,9999,9999,9999,9999,9999,9999,9999,3,5,5
1,11206,4,5,1,5,5,5,5,2,1,3,5,3,9999,9999,9999,9999,9999,9999,9999,9999,9999,5,5,3
1,11207,5,5,4,5,5,5,5,5,1,4,5,1,9999,9999,9999,9999,9999,9999,9999,9999,9999,2,5,5
1,11208,2,4,3,5,5,5,4,4,1,5,5,1,9999,9999,9999,9999,9999,9999,9999,9999,9999,3,5,5
1,11209,3,4,5,3,3,5,5,5,5,5,5,1,9999,9999,9999,9999,9999,9999,9999,9999,9999,1,1,5
1,11211,5,5,2,5,5,4,5,4,1,5,5,1,9999,9999,9999,9999,9999,9999,9999,9999,9999,4,5,5
1,11212,4,5,5,4,5,5,5,4,3,4,1,1,9999,9999,9999,9999,9999,9999,9999,9999,9999,1,3,5
1,11213,3,4,5,4,5,5,5,4,3,4,5,1,9999,9999,9999,9999,9999,9999,9999,9999,9999,1,3,5
1,11214,3,4,5,4,4,5,4,2,4,4,3,3,9999,9999,9999,9999,9999,9999,9999,9999,9999,1,2,3
1,11215,4,4,1,4,5,5,4,4,2,4,5,1,9999,9999,9999,9999,9999,9999,9999,9999,9999,5,4,5
1,11216,4,5,3,3,5,5,5,5,5,3,4,3,9999,9999,9999,9999,9999,9999,9999,9999,9999,3,1,3
1,11217,4,4,1,3,5,4,3,3,2,4,4,1,9999,9999,9999,9999,9999,9999,9999,9999,9999,5,4,5
1,11218,3,5,1,4,5,5,4,5,3,4,4,1,9999,9999,9999,9999,9999,9999,9999,9999,9999,5,3,5
1,11219,4,3,3,5,5,4,5,5,2,3,3,1,9999,9999,9999,9999,9999,9999,9999,9999,9999,3,4,5
1,11220,4,5,3,3,5,3,1,3,5,4,5,1,9999,9999,9999,9999,9999,9999,9999,9999,9999,3,1,5
1,11221,5,5,1,5,5,5,5,5,4,5,4,2,9999,9999,9999,9999,9999,9999,9999,9999,9999,5,2,4
1,11222,5,4,3,4,5,4,4,3,5,5,4,1,9999,9999,9999,9999,9999,9999,9999,9999,9999,3,1,5
1,11223,5,4,5,5,5,5,1,1,1,5,5,1,9999,9999,9999,9999,9999,9999,9999,9999,9999,1,5,5
1,11301,2,5,1,3,5,5,3,4,4,5,4,1,9999,9999,9999,9999,9999,9999,9999,9999,9999,5,2,5
1,11302,5,4,5,3,5,5,3,4,3,3,5,1,9999,9999,9999,9999,9999,9999,9999,9999,9999,1,3,5
1,11303,2,5,1,5,5,5,3,4,1,5,4,1,9999,9999,9999,9999,9999,9999,9999,9999,9999,5,5,5
1,11304,3,5,1,3,5,5,1,3,1,4,1,1,9999,9999,9999,9999,9999,9999,9999,9999,9999,5,5,5
1,11305,5,4,1,3,5,5,3,5,1,4,4,1,9999,9999,9999,9999,9999,9999,9999,9999,9999,5,5,5
1,11306,5,5,3,5,5,5,5,5,3,3,5,1,9999,9999,9999,9999,9999,9999,9999,9999,9999,3,3,5
1,11307,3,5,3,3,5,5,5,5,1,3,3,1,9999,9999,9999,9999,9999,9999,9999,9999,9999,3,5,5
1,11308,4,5,3,5,5,5,9999,5,5,5,4,1,9999,9999,9999,9999,9999,9999,9999,9999,9999,3,1,5
1,11309,4,3,5,5,5,5,3,4,3,2,4,3,9999,9999,9999,9999,9999,9999,9999,9999,9999,1,3,3
1,11311,5,5,5,5,5,5,1,5,3,5,5,1,9999,9999,9999,9999,9999,9999,9999,9999,9999,1,3,5
1,11312,3,4,3,3,4,5,4,5,1,4,5,1,9999,9999,9999,9999,9999,9999,9999,9999,9999,3,5,5
1,11313,3,2,5,5,2,3,3,4,2,4,3,2,9999,9999,9999,9999,9999,9999,9999,9999,9999,1,4,4
1,11314,3,5,5,3,5,5,2,1,5,5,3,5,9999,9999,9999,9999,9999,9999,9999,9999,9999,1,1,1
1,11316,5,1,3,3,5,5,5,4,5,5,4,1,9999,9999,9999,9999,9999,9999,9999,9999,9999,3,1,5
1,11319,3,5,4,5,5,5,1,1,1,1,3,1,9999,9999,9999,9999,9999,9999,9999,9999,9999,2,5,5
1,11320,3,4,5,3,5,4,3,4,3,5,5,3,9999,9999,9999,9999,9999,9999,9999,9999,9999,1,3,3
1,11321,2,5,5,3,5,5,5,5,2,4,1,1,9999,9999,9999,9999,9999,9999,9999,9999,9999,1,4,5
1,11401,4,2,2,4,4,4,2,5,1,4,4,2,9999,9999,9999,9999,9999,9999,9999,9999,9999,4,5,4
1,11402,5,5,5,5,5,5,2,5,2,5,5,2,9999,9999,9999,9999,9999,9999,9999,9999,9999,1,4,4
1,11404,3,4,3,3,4,4,4,4,2,2,4,1,9999,9999,9999,9999,9999,9999,9999,9999,9999,3,4,5
1,11405,4,5,1,5,5,5,5,5,1,5,5,1,9999,9999,9999,9999,9999,9999,9999,9999,9999,5,5,5
1,11406,5,4,5,4,5,1,4,4,2,4,5,2,9999,9999,9999,9999,9999,9999,9999,9999,9999,1,4,4
1,11407,5,5,5,5,5,5,5,4,2,5,5,1,9999,9999,9999,9999,9999,9999,9999,9999,9999,1,4,5
1,11408,4,1,4,4,4,4,5,4,2,4,4,1,9999,9999,9999,9999,9999,9999,9999,9999,9999,2,4,5
1,11410,4,4,2,4,4,4,4,5,2,4,4,2,9999,9999,9999,9999,9999,9999,9999,9999,9999,4,4,4
1,11411,4,4,2,4,4,4,4,4,2,2,4,2,9999,9999,9999,9999,9999,9999,9999,9999,9999,4,4,4
1,11412,4,4,2,5,2,2,2,2,4,2,4,1,9999,9999,9999,9999,9999,9999,9999,9999,9999,4,2,5
1,11413,4,5,4,5,5,5,5,5,2,5,5,1,9999,9999,9999,9999,9999,9999,9999,9999,9999,2,4,5
1,11414,4,5,1,5,5,5,5,5,1,5,5,1,9999,9999,9999,9999,9999,9999,9999,9999,9999,5,5,5
1,11415,5,5,5,5,5,5,5,5,2,5,5,1,9999,9999,9999,9999,9999,9999,9999,9999,9999,1,4,5
1,11502,3,3,5,4,5,3,3,4,4,3,4,1,9999,9999,9999,9999,9999,9999,9999,9999,9999,1,2,5
1,11503,3,4,3,5,5,5,5,5,3,3,3,1,9999,9999,9999,9999,9999,9999,9999,9999,9999,3,3,5
1,11504,3,4,3,5,5,5,5,5,3,3,3,1,9999,9999,9999,9999,9999,9999,9999,9999,9999,3,3,5
1,11505,5,3,3,4,5,4,5,3,1,2,1,1,9999,9999,9999,9999,9999,9999,9999,9999,9999,3,5,5
1,11506,4,5,9999,9999,3,1,2,9999,1,5,9999,3,9999,9999,9999,9999,9999,9999,9999,9999,9999,9999,5,3
1,11507,3,4,5,5,4,5,5,4,2,1,1,1,9999,9999,9999,9999,9999,9999,9999,9999,9999,1,4,5
1,11508,5,4,1,4,5,5,3,3,3,5,5,1,9999,9999,9999,9999,9999,9999,9999,9999,9999,5,3,5
1,11509,4,4,1,4,5,5,3,4,4,3,4,3,9999,9999,9999,9999,9999,9999,9999,9999,9999,5,2,3
1,11510,5,3,1,5,5,5,5,5,1,2,4,1,9999,9999,9999,9999,9999,9999,9999,9999,9999,5,5,5
1,11511,4,4,1,5,5,5,5,5,3,1,5,1,9999,9999,9999,9999,9999,9999,9999,9999,9999,5,3,5
1,11512,5,2,1,5,5,5,5,4,1,4,5,3,9999,9999,9999,9999,9999,9999,9999,9999,9999,5,5,3
1,11514,3,4,1,5,5,5,5,5,2,4,5,2,9999,9999,9999,9999,9999,9999,9999,9999,9999,5,4,4
1,11515,4,4,5,5,5,5,3,3,5,4,1,5,9999,9999,9999,9999,9999,9999,9999,9999,9999,1,1,1
1,11516,4,3,2,3,4,4,4,3,2,4,4,2,9999,9999,9999,9999,9999,9999,9999,9999,9999,4,4,4
1,11517,3,4,5,5,4,5,5,4,4,2,2,4,9999,9999,9999,9999,9999,9999,9999,9999,9999,1,2,2
1,11518,4,4,2,5,5,5,5,4,3,5,5,1,9999,9999,9999,9999,9999,9999,9999,9999,9999,4,3,5
1,11519,3,5,4,5,4,4,5,5,2,4,5,1,9999,9999,9999,9999,9999,9999,9999,9999,9999,2,4,5
1,11520,4,3,5,9999,5,4,5,3,4,4,5,1,9999,9999,9999,9999,9999,9999,9999,9999,9999,1,2,5
1,11524,5,4,4,3,4,3,3,4,5,3,4,1,9999,9999,9999,9999,9999,9999,9999,9999,9999,2,1,5
1,11525,4,3,1,5,5,5,4,4,3,5,3,3,9999,9999,9999,9999,9999,9999,9999,9999,9999,5,3,3
1,11526,5,4,2,4,5,3,1,4,2,3,2,1,9999,9999,9999,9999,9999,9999,9999,9999,9999,4,4,5
1,11601,3,5,1,5,5,5,5,5,1,5,5,1,9999,9999,9999,9999,9999,9999,9999,9999,9999,5,5,5
1,11602,4,3,5,5,1,2,4,1,2,5,4,5,9999,9999,9999,9999,9999,9999,9999,9999,9999,1,4,1
1,11603,4,3,1,5,5,5,4,4,1,4,5,4,9999,9999,9999,9999,9999,9999,9999,9999,9999,5,5,2
1,11604,4,3,1,5,5,5,4,4,1,5,4,1,9999,9999,9999,9999,9999,9999,9999,9999,9999,5,5,5
1,11605,4,5,1,5,5,5,5,5,5,5,5,1,9999,9999,9999,9999,9999,9999,9999,9999,9999,5,1,5
1,11606,4,5,4,5,5,5,5,5,5,5,5,1,9999,9999,9999,9999,9999,9999,9999,9999,9999,2,1,5
1,11607,4,3,5,5,5,5,1,1,5,5,5,1,9999,9999,9999,9999,9999,9999,9999,9999,9999,1,1,5
1,11608,4,3,5,5,5,5,1,1,5,1,5,5,9999,9999,9999,9999,9999,9999,9999,9999,9999,1,1,1
1,11609,3,9999,1,3,5,5,3,5,5,1,3,5,9999,9999,9999,9999,9999,9999,9999,9999,9999,5,1,1
1,11610,4,5,1,4,3,5,5,4,1,4,5,1,9999,9999,9999,9999,9999,9999,9999,9999,9999,5,5,5
1,11611,4,5,1,5,5,4,4,5,1,4,5,1,9999,9999,9999,9999,9999,9999,9999,9999,9999,5,5,5
1,11612,4,9999,9999,5,9999,9999,5,9999,9999,4,4,4,9999,9999,9999,9999,9999,9999,9999,9999,9999,9999,9999,2
1,11613,4,4,5,5,5,5,3,1,2,4,3,1,9999,9999,9999,9999,9999,9999,9999,9999,9999,1,4,5
1,11614,2,4,5,5,5,5,4,4,1,4,4,1,9999,9999,9999,9999,9999,9999,9999,9999,9999,1,5,5
1,11615,3,5,3,5,5,4,4,3,3,4,5,1,9999,9999,9999,9999,9999,9999,9999,9999,9999,3,3,5
1,11616,2,5,1,5,5,5,5,4,2,5,5,1,9999,9999,9999,9999,9999,9999,9999,9999,9999,5,4,5
1,11617,5,5,4,5,5,5,5,5,2,5,5,5,9999,9999,9999,9999,9999,9999,9999,9999,9999,2,4,1
1,11618,4,5,5,5,4,5,5,1,2,5,5,2,9999,9999,9999,9999,9999,9999,9999,9999,9999,1,4,4
1,11619,3,3,4,5,4,3,5,1,4,5,5,1,9999,9999,9999,9999,9999,9999,9999,9999,9999,2,2,5
1,11620,3,4,5,5,5,5,5,1,1,1,5,5,9999,9999,9999,9999,9999,9999,9999,9999,9999,1,5,1
1,11701,4,5,2,5,5,5,5,5,2,4,1,1,9999,9999,9999,9999,9999,9999,9999,9999,9999,4,4,5
1,11702,2,2,1,5,4,5,3,5,5,3,4,1,9999,9999,9999,9999,9999,9999,9999,9999,9999,5,1,5
1,11703,4,5,2,4,4,5,5,2,4,5,5,1,9999,9999,9999,9999,9999,9999,9999,9999,9999,4,2,5
1,11706,4,4,5,5,5,5,3,4,4,5,4,1,9999,9999,9999,9999,9999,9999,9999,9999,9999,1,2,5
1,11707,2,1,4,2,4,2,2,2,4,2,2,4,9999,9999,9999,9999,9999,9999,9999,9999,9999,2,2,2
1,11708,4,4,1,3,5,5,5,5,2,1,4,1,9999,9999,9999,9999,9999,9999,9999,9999,9999,5,4,5
1,11709,4,5,1,2,5,5,4,5,3,4,5,1,9999,9999,9999,9999,9999,9999,9999,9999,9999,5,3,5
1,11710,4,4,3,4,5,2,4,5,3,4,5,1,9999,9999,9999,9999,9999,9999,9999,9999,9999,3,3,5
1,11711,4,5,5,5,5,5,4,5,1,5,3,1,9999,9999,9999,9999,9999,9999,9999,9999,9999,1,5,5
1,11712,5,4,2,5,4,5,5,5,1,4,4,1,9999,9999,9999,9999,9999,9999,9999,9999,9999,4,5,5
1,11714,4,5,1,5,5,5,5,5,2,3,5,1,9999,9999,9999,9999,9999,9999,9999,9999,9999,5,4,5
1,11715,5,5,1,3,5,5,3,3,1,2,5,1,9999,9999,9999,9999,9999,9999,9999,9999,9999,5,5,5
1,11716,4,4,4,3,4,5,3,4,3,4,5,1,9999,9999,9999,9999,9999,9999,9999,9999,9999,2,3,5
1,11717,4,5,5,4,5,5,4,5,1,3,4,1,9999,9999,9999,9999,9999,9999,9999,9999,9999,1,5,5
1,11718,4,5,5,4,5,5,4,5,1,3,4,1,9999,9999,9999,9999,9999,9999,9999,9999,9999,1,5,5
1,11719,5,4,3,5,4,3,5,3,3,5,5,1,9999,9999,9999,9999,9999,9999,9999,9999,9999,3,3,5
1,11720,5,4,5,5,5,5,3,5,2,5,5,1,9999,9999,9999,9999,9999,9999,9999,9999,9999,1,4,5
1,11721,4,5,5,4,5,5,4,4,5,5,4,2,9999,9999,9999,9999,9999,9999,9999,9999,9999,1,1,4
1,11722,5,5,1,5,5,5,3,5,1,1,5,1,9999,9999,9999,9999,9999,9999,9999,9999,9999,5,5,5
1,11802,5,2,1,1,3,1,1,1,1,5,1,3,9999,9999,9999,9999,9999,9999,9999,9999,9999,5,5,3
1,11803,5,3,5,4,4,5,2,3,3,1,4,3,9999,9999,9999,9999,9999,9999,9999,9999,9999,1,3,3
1,11804,4,4,4,3,4,5,5,5,4,3,5,1,9999,9999,9999,9999,9999,9999,9999,9999,9999,2,2,5
1,11805,3,5,1,5,5,5,1,3,5,9999,4,3,9999,9999,9999,9999,9999,9999,9999,9999,9999,5,1,3
1,11806,2,3,5,3,5,5,5,3,2,5,5,1,9999,9999,9999,9999,9999,9999,9999,9999,9999,1,4,5
1,11807,4,4,2,2,4,3,3,3,1,4,3,1,9999,9999,9999,9999,9999,9999,9999,9999,9999,4,5,5
1,11808,3,4,5,3,5,4,5,5,5,5,1,4,9999,9999,9999,9999,9999,9999,9999,9999,9999,1,1,2
1,11809,4,4,3,3,4,4,3,3,3,4,5,3,9999,9999,9999,9999,9999,9999,9999,9999,9999,3,3,3
1,11810,1,4,2,1,9999,9999,1,3,4,1,1,1,9999,9999,9999,9999,9999,9999,9999,9999,9999,4,2,5
1,11811,2,1,5,3,5,5,4,4,1,4,2,5,9999,9999,9999,9999,9999,9999,9999,9999,9999,1,5,1
1,11812,4,3,4,3,5,4,1,2,3,4,3,3,9999,9999,9999,9999,9999,9999,9999,9999,9999,2,3,3
1,11813,4,3,5,3,4,3,5,3,5,4,1,3,9999,9999,9999,9999,9999,9999,9999,9999,9999,1,1,3
1,11814,5,4,5,3,4,5,5,5,4,5,3,1,9999,9999,9999,9999,9999,9999,9999,9999,9999,1,2,5
1,11817,2,5,4,4,5,5,1,2,3,2,5,4,9999,9999,9999,9999,9999,9999,9999,9999,9999,2,3,2
1,11901,4,2,4,4,4,1,4,2,5,4,4,1,9999,9999,9999,9999,9999,9999,9999,9999,9999,2,1,5
1,11902,5,5,5,5,5,5,3,5,3,5,5,3,9999,9999,9999,9999,9999,9999,9999,9999,9999,1,3,3
1,11903,4,3,5,4,4,5,5,5,5,4,4,5,9999,9999,9999,9999,9999,9999,9999,9999,9999,1,1,1
1,11904,4,1,5,3,5,2,5,4,5,5,3,2,9999,9999,9999,9999,9999,9999,9999,9999,9999,1,1,4
1,11905,5,3,3,3,4,5,1,3,5,5,5,1,9999,9999,9999,9999,9999,9999,9999,9999,9999,3,1,5
1,11907,5,5,5,1,5,5,5,5,1,5,5,5,9999,9999,9999,9999,9999,9999,9999,9999,9999,1,5,1
1,11908,5,3,5,3,5,5,1,3,3,5,1,3,9999,9999,9999,9999,9999,9999,9999,9999,9999,1,3,3
1,11909,5,5,5,1,5,1,1,3,1,5,1,5,9999,9999,9999,9999,9999,9999,9999,9999,9999,1,5,1
1,11910,5,5,5,3,5,3,5,5,1,1,4,1,9999,9999,9999,9999,9999,9999,9999,9999,9999,1,5,5
1,11911,4,4,5,4,4,5,5,5,4,1,5,1,9999,9999,9999,9999,9999,9999,9999,9999,9999,1,2,5
1,11912,4,5,1,3,5,5,5,4,1,5,5,1,9999,9999,9999,9999,9999,9999,9999,9999,9999,5,5,5
1,11913,4,4,1,5,4,4,3,5,4,3,3,1,9999,9999,9999,9999,9999,9999,9999,9999,9999,5,2,5
1,11914,4,2,4,4,4,4,4,5,4,1,5,5,9999,9999,9999,9999,9999,9999,9999,9999,9999,2,2,1
1,11915,4,4,5,5,5,4,4,5,4,4,5,1,9999,9999,9999,9999,9999,9999,9999,9999,9999,1,2,5
1,11916,4,3,2,3,4,4,1,3,3,3,3,2,9999,9999,9999,9999,9999,9999,9999,9999,9999,4,3,4
1,11917,5,3,1,5,5,5,1,2,5,5,3,1,9999,9999,9999,9999,9999,9999,9999,9999,9999,5,1,5
1,11918,5,5,5,3,5,5,3,3,5,5,5,3,9999,9999,9999,9999,9999,9999,9999,9999,9999,1,1,3
1,11919,4,3,4,5,4,4,4,4,4,4,1,4,9999,9999,9999,9999,9999,9999,9999,9999,9999,2,2,2
1,11920,1,3,5,3,5,3,5,3,5,5,5,1,9999,9999,9999,9999,9999,9999,9999,9999,9999,1,1,5
1,11921,4,5,1,3,5,5,5,4,1,2,3,4,9999,9999,9999,9999,9999,9999,9999,9999,9999,5,5,2
4,10101,4,5,4,5,4,5,4,4,2,4,5,1,4,2,4,4,5,4,5,4,4,2,4,5
4,10102,5,5,5,5,5,5,5,5,2,5,5,5,9999,3,3,5,5,5,3,5,3,1,4,1
4,10103,5,5,3,5,4,5,5,5,1,4,5,3,9999,4,4,5,5,4,5,4,5,3,5,3
4,10104,5,5,1,5,5,5,5,5,1,1,1,1,1,5,5,5,5,5,5,5,5,5,5,5
4,10105,5,5,5,4,5,1,5,4,1,5,3,1,3,5,4,5,5,4,5,5,1,1,5,5
4,10106,3,3,3,3,3,3,1,1,1,1,1,1,1,1,1,1,1,1,4,4,9999,3,5,5
4,10107,5,9999,5,4,1,4,5,9999,9999,9999,5,1,4,1,5,4,9999,5,4,4,5,1,9999,5
4,10108,5,5,1,5,4,1,1,1,1,1,5,1,1,1,2,1,1,5,1,1,1,5,5,5
4,10109,1,2,5,5,5,5,5,9999,9999,5,9999,9999,5,1,9999,5,5,5,5,1,9999,1,9999,9999
4,10110,5,5,9999,5,5,5,5,5,1,5,5,9999,5,5,5,5,5,5,5,5,5,9999,5,9999
4,10111,5,5,3,5,4,5,5,5,1,4,5,3,5,4,4,9999,5,4,9999,4,5,3,5,3
4,10112,5,5,5,5,5,5,5,5,5,5,5,9999,5,1,5,5,5,5,5,5,5,1,1,9999
4,10113,5,9999,5,4,5,9999,3,4,3,4,1,5,5,9999,4,5,4,3,5,4,4,1,3,1
4,10114,5,5,4,5,5,4,5,5,5,1,5,1,1,1,1,5,1,9999,1,5,1,2,1,5
4,10115,3,1,5,1,5,5,5,5,1,3,3,2,5,3,2,5,5,1,5,5,1,1,5,4
4,10116,4,5,1,5,4,4,4,5,1,4,5,1,4,4,5,5,5,5,5,5,5,5,5,5
4,10117,5,5,5,5,5,5,5,5,1,5,5,1,1,1,5,5,5,5,5,5,5,1,5,5
4,10118,5,1,5,5,3,5,5,3,1,5,5,1,5,5,1,1,5,5,5,5,5,1,5,5
4,10219,5,3,2,4,5,5,5,4,1,5,4,1,5,5,5,5,5,4,4,5,5,4,5,5
4,10221,5,4,1,4,5,3,1,2,5,4,5,3,1,3,4,5,3,5,1,4,5,5,1,3
4,10223,4,4,5,3,4,3,1,3,5,4,4,1,3,3,5,4,5,4,2,5,4,1,1,5
4,10224,3,4,1,5,5,3,4,5,4,5,4,1,3,5,4,5,5,5,3,5,4,5,2,5
4,10225,3,5,1,3,4,5,3,4,5,5,4,2,3,2,5,5,5,5,5,5,3,5,1,4
4,10226,4,5,2,2,4,5,3,3,3,2,4,2,3,2,4,5,5,5,4,5,5,4,3,4
4,10227,5,5,1,2,3,1,1,5,1,5,3,1,1,5,1,3,2,3,1,2,3,5,5,5
4,10228,5,4,4,5,5,4,5,5,5,4,4,1,9999,4,5,5,5,4,5,5,5,2,1,5
4,10229,4,4,2,4,4,5,3,3,2,3,4,2,4,4,3,5,4,5,3,5,4,4,4,4
4,10230,4,3,2,3,5,5,3,4,3,5,5,1,5,5,3,5,5,5,5,5,5,4,3,5
4,10231,3,5,4,3,4,2,4,3,4,2,2,1,4,3,4,3,5,9999,9999,2,5,2,2,5
4,10232,4,3,4,4,4,4,4,4,1,4,4,4,5,4,2,4,4,4,4,4,4,2,5,2
4,10328,5,4,2,5,5,5,5,5,1,5,5,1,2,3,3,5,5,5,5,5,5,4,5,5
4,10329,5,5,5,5,5,5,5,5,1,9999,1,1,4,5,4,5,5,5,9999,5,5,1,5,5
4,10330,2,3,5,3,5,5,1,1,3,2,4,2,1,4,4,5,3,2,1,5,4,1,3,4
4,10331,1,3,5,5,5,5,1,3,1,5,4,1,1,1,5,5,5,5,5,5,4,1,5,5
4,10332,5,4,1,5,5,4,2,2,2,5,4,1,5,4,1,5,4,9999,5,5,5,5,4,5
4,10333,4,4,1,3,5,5,3,3,4,5,4,3,5,5,5,5,3,5,5,2,4,5,2,3
4,10334,2,5,1,3,5,3,5,2,3,5,5,1,1,1,3,5,4,4,3,5,5,5,3,5
4,10335,3,5,2,5,5,4,4,4,2,5,4,3,4,4,3,5,4,5,3,5,1,4,4,3
4,10336,3,3,2,5,4,3,2,3,3,2,3,1,3,3,3,3,5,3,5,5,1,4,3,5
4,10337,5,5,4,3,4,5,2,3,5,4,3,1,5,5,5,5,5,5,3,5,5,2,1,5
4,10338,2,5,5,4,5,5,5,5,4,5,5,1,5,5,1,5,5,5,5,5,5,1,2,5
4,10339,5,4,1,5,5,4,2,2,2,2,5,1,5,5,1,5,4,5,5,5,5,5,4,5
4,10340,2,5,5,3,5,2,4,4,1,5,4,1,3,1,2,4,5,5,5,5,5,1,5,5
4,10341,3,4,4,2,5,4,5,5,9999,4,4,1,3,3,3,5,5,5,5,5,5,2,9999,5
4,10342,3,5,5,2,5,3,5,5,5,5,3,5,5,5,5,5,5,5,5,5,5,1,1,1
4,10343,2,5,1,4,4,3,4,3,4,5,4,1,5,4,1,2,5,4,5,5,4,5,2,5
4,10344,5,5,1,5,5,5,5,3,5,3,5,4,3,3,1,5,5,5,5,1,4,5,1,2
4,10345,4,3,2,4,5,5,3,4,1,4,5,3,4,4,3,3,5,5,3,4,3,4,5,3
4,10346,5,5,1,5,5,5,5,5,1,5,5,1,5,5,1,5,5,5,5,5,5,5,5,5
4,10347,4,5,4,1,5,4,5,3,1,5,3,4,1,3,5,5,5,5,5,4,3,2,5,2
4,10348,4,5,1,4,5,5,4,5,2,5,4,1,3,4,4,5,5,5,5,5,4,5,4,5
4,10430,5,5,4,5,5,5,5,5,4,5,5,4,5,5,4,5,5,5,5,5,5,2,2,2
4,10431,4,3,2,4,5,3,3,4,1,3,3,1,5,4,3,4,5,3,5,5,4,4,5,5
4,10432,2,2,4,2,4,2,4,4,4,2,2,2,1,1,2,4,4,4,4,5,4,2,2,4
4,10433,4,2,5,4,4,3,3,3,4,5,5,1,3,3,5,4,4,5,9999,5,4,1,2,5
4,10434,4,4,5,3,3,4,1,1,5,1,3,5,3,2,3,9999,4,3,9999,4,3,1,1,1
4,10435,1,2,5,4,1,2,5,4,3,1,2,4,2,2,4,4,5,2,3,2,3,1,3,2
4,10436,5,5,5,4,5,5,5,5,5,5,5,5,5,5,5,5,5,5,5,5,5,1,1,1
4,10437,2,4,2,1,5,4,5,5,1,5,2,4,4,4,4,5,5,4,1,4,4,4,5,2
4,10438,5,5,1,5,5,3,5,5,4,5,5,1,5,5,3,5,5,5,5,5,5,5,2,5
4,10440,5,5,2,4,5,5,5,5,1,4,4,1,2,4,3,5,5,3,3,4,5,4,5,5
4,10441,4,3,2,4,4,4,2,4,2,4,3,2,1,2,4,4,4,4,4,3,2,4,4,4
4,10443,3,4,2,4,4,5,5,5,1,3,5,1,3,4,3,5,5,5,3,5,3,4,5,5
4,10444,4,5,5,3,5,5,2,1,5,5,4,2,3,2,4,5,4,5,5,5,5,1,1,4
4,10445,4,2,5,4,5,3,1,3,3,4,3,3,1,3,2,5,5,3,3,5,1,1,3,3
4,10447,4,5,4,4,3,1,1,2,4,5,5,1,2,4,5,1,5,4,1,3,5,2,2,5
4,10448,4,2,2,2,4,4,3,4,5,2,5,4,1,4,1,3,2,5,2,5,5,4,1,2
4,10449,4,4,3,1,5,3,3,4,2,3,4,1,4,3,3,3,5,4,4,5,4,3,4,5
4,10450,5,4,2,5,5,5,5,4,2,5,4,2,4,4,3,5,4,5,1,5,5,4,4,4
4,10451,4,4,3,4,5,3,3,4,3,3,3,3,3,3,3,1,5,5,4,5,5,3,3,3
4,10452,5,5,1,5,5,5,3,5,3,5,5,1,3,4,5,5,5,5,5,4,5,5,3,5
4,10453,5,4,3,4,5,5,5,5,3,3,3,2,3,4,5,5,4,5,3,5,2,3,3,4
4,10455,5,4,2,3,5,4,2,3,2,3,3,5,4,4,5,5,5,5,3,4,4,4,4,1
4,10456,5,5,5,5,5,5,1,5,1,5,5,5,5,5,5,5,5,5,5,5,5,1,5,1
4,10615,4,1,5,2,3,9999,4,2,5,9999,2,1,5,3,1,2,1,5,3,2,5,1,1,5
4,10616,3,5,3,1,4,1,4,1,3,5,1,4,2,1,2,2,1,5,2,4,3,3,3,2
4,10617,5,5,3,4,5,5,2,3,4,5,5,3,5,4,3,5,5,5,3,5,3,3,2,3
4,10618,4,1,5,5,5,5,5,5,3,5,5,1,5,5,1,5,5,5,5,5,5,1,3,5
4,10619,5,3,3,3,5,5,4,5,3,5,4,5,5,5,5,5,5,5,5,5,5,3,3,1
4,10620,5,3,4,3,4,3,4,5,3,4,4,2,5,5,4,5,5,5,4,5,5,2,3,4
4,10621,5,3,5,5,5,5,5,5,1,3,5,1,5,3,5,5,5,5,5,5,5,1,5,5
4,10622,3,4,1,5,5,5,5,3,1,3,5,1,5,4,5,5,5,5,5,5,5,5,5,5
4,10623,5,2,3,1,3,4,1,5,2,2,3,1,1,2,3,1,1,2,1,5,4,3,4,5
4,10624,1,4,2,5,5,5,3,4,3,5,5,1,4,4,5,5,5,5,5,5,2,4,3,5
4,10625,3,4,2,5,5,3,3,3,3,3,3,3,3,3,4,4,3,5,2,3,1,4,3,3
4,10626,4,5,1,5,5,5,5,5,1,5,5,1,5,1,5,5,5,5,5,5,3,5,5,5
4,10726,3,3,3,3,4,3,5,5,3,5,4,1,3,3,5,5,5,5,5,5,5,3,3,5
4,10727,3,4,2,3,5,5,3,4,1,5,5,1,5,5,4,5,5,5,5,5,5,4,5,5
4,10728,5,9999,5,4,5,5,4,3,9999,3,5,1,5,5,5,5,5,5,5,5,5,1,9999,5
4,10729,3,3,3,4,3,2,3,3,9999,4,3,4,4,5,5,5,5,5,5,5,5,3,9999,2
4,10730,4,5,5,5,5,5,5,1,1,5,1,5,1,1,1,5,1,1,1,5,1,1,5,1
4,10732,5,5,3,5,5,5,5,5,1,4,5,1,5,5,5,5,5,5,5,5,5,3,5,5
4,10733,5,5,5,5,5,5,5,5,5,5,5,1,5,5,5,5,5,5,5,5,5,1,1,5
4,10735,4,5,2,3,5,4,2,3,2,4,3,3,3,4,3,5,5,5,3,5,5,4,4,3
4,10736,5,4,5,4,4,3,4,5,3,4,3,5,1,5,2,4,5,9999,2,9999,4,1,3,1
4,10737,4,5,1,3,5,5,4,4,3,5,5,1,5,5,5,5,5,5,5,5,5,5,3,5
4,10738,4,5,9999,3,4,5,3,4,3,4,4,1,3,3,5,5,5,5,3,5,5,9999,3,5
4,10739,4,3,3,1,4,4,3,3,3,5,5,1,3,3,3,5,5,5,3,5,5,3,3,5
4,10740,3,5,5,3,5,5,5,2,1,1,5,5,3,5,5,2,3,5,5,4,5,1,5,1
4,10741,5,5,3,5,5,5,5,5,1,2,4,1,3,1,3,5,5,5,3,4,5,3,5,5
4,10742,4,5,1,4,5,5,5,5,1,3,4,1,4,5,5,5,5,5,5,5,5,5,5,5
4,10820,5,5,3,5,5,5,4,4,4,5,4,2,3,3,3,5,5,5,5,5,5,3,2,4
4,10821,4,5,4,3,4,5,2,4,5,4,5,1,4,4,1,5,5,5,3,4,2,2,1,5
4,10822,3,4,3,4,4,5,3,4,1,4,4,1,4,3,4,4,4,5,4,5,4,3,5,5
4,10823,4,5,4,5,5,4,5,5,2,3,5,1,5,5,4,5,5,5,4,5,4,2,4,5
4,10824,4,5,5,5,5,5,4,4,1,4,4,1,3,4,4,5,5,5,4,5,5,1,5,5
4,10825,5,5,3,5,5,5,4,4,4,5,4,4,4,2,5,5,5,5,4,5,5,3,2,2
4,10826,4,4,3,4,4,3,2,5,1,4,3,1,3,3,3,5,4,3,4,5,5,3,5,5
4,10827,5,3,3,5,5,5,1,1,5,1,5,5,3,3,1,5,5,5,1,1,1,3,1,1
4,10829,3,5,1,5,5,5,1,1,5,5,5,1,9999,3,1,5,5,5,5,5,5,5,1,5
4,10830,5,3,3,5,5,5,4,5,9999,3,1,2,2,3,5,3,5,4,3,5,4,3,9999,4
4,10831,3,2,4,2,3,1,1,2,4,1,2,3,1,1,1,3,2,2,1,5,1,2,2,3
4,10832,5,5,3,5,5,5,5,5,1,9999,3,3,4,5,5,5,5,5,4,5,5,3,5,3
4,10833,5,1,4,3,5,9999,9999,2,1,5,9999,9999,1,3,5,1,4,5,1,1,1,2,5,9999
4,10834,3,3,4,4,5,5,3,3,3,2,4,5,1,1,3,5,5,5,3,5,2,2,3,1
4,10836,4,4,3,3,2,1,4,4,1,1,3,4,4,4,5,4,5,5,4,5,5,3,5,2
4,10837,4,5,3,4,5,5,4,3,4,5,5,1,4,4,5,5,5,5,4,5,5,3,2,5
4,10838,4,5,1,3,5,5,1,3,2,3,4,1,5,5,5,9999,5,5,3,3,3,5,4,5
4,10839,4,4,4,5,5,5,4,5,2,5,5,1,5,4,9999,5,5,5,5,5,5,2,4,5
4,10840,3,5,5,3,5,5,5,5,5,5,5,3,5,1,5,5,5,5,3,5,5,1,1,3
4,11101,3,5,4,5,3,5,2,3,2,4,5,5,5,5,1,5,3,5,5,5,5,2,4,1
4,11102,3,4,2,4,5,5,3,2,1,5,5,2,1,2,1,4,5,5,1,5,4,4,5,4
4,11103,4,5,3,5,5,4,5,4,2,4,3,1,3,3,5,5,5,5,4,9999,5,3,4,5
4,11105,5,2,1,3,1,4,1,9999,5,1,1,5,1,1,9999,9999,1,9999,1,1,4,5,1,1
4,11106,5,5,5,5,3,4,2,3,4,5,5,1,4,4,2,5,3,4,3,5,2,1,2,5
4,11107,5,5,1,5,5,5,5,5,1,5,5,1,5,5,5,5,5,5,5,5,5,5,5,5
4,11109,3,4,5,1,5,5,5,5,1,3,1,9999,5,3,4,5,5,5,5,5,5,1,5,9999
4,11113,3,5,1,5,5,5,4,4,4,4,5,1,4,4,2,5,5,5,5,5,5,5,2,5
4,11114,3,4,3,3,5,3,3,4,2,5,5,3,5,5,5,5,5,5,5,5,5,3,4,3
4,11116,4,5,3,5,5,4,5,5,1,5,5,1,3,5,5,5,5,5,5,5,4,3,5,5
4,11117,4,5,5,5,5,5,3,4,1,4,5,1,4,4,4,4,5,5,3,5,5,1,5,5
4,11118,4,5,1,5,5,5,4,4,2,3,5,1,5,4,3,5,5,5,5,5,5,5,4,5
4,11120,3,1,1,4,3,4,1,2,1,1,2,5,3,4,1,3,4,5,3,3,3,5,5,1
4,11122,4,4,2,5,5,5,4,4,1,5,5,1,4,4,3,5,5,5,5,5,5,4,5,5
4,11123,3,4,2,5,4,5,2,4,1,4,5,3,1,1,1,5,5,5,5,3,5,4,5,3
4,11124,4,1,3,3,3,5,3,5,1,4,5,1,1,1,1,5,5,5,3,5,5,3,5,5
4,11125,3,5,4,5,5,4,2,5,4,4,5,1,1,3,1,5,5,5,5,5,1,2,2,5
4,11126,5,5,5,3,5,5,2,3,3,1,1,3,1,3,4,3,5,5,3,5,1,1,3,3
4,11132,3,3,2,5,5,5,5,5,1,4,4,1,3,3,3,5,5,5,5,5,5,4,5,5
4,11328,5,5,5,3,5,5,3,3,5,5,3,1,3,3,5,5,5,5,5,5,5,1,1,5
4,11329,5,4,4,4,5,3,4,5,2,5,4,1,4,5,4,5,4,4,5,5,4,2,4,5
4,11330,2,1,4,3,5,2,4,3,1,2,1,2,3,4,2,3,4,4,1,2,3,2,5,4
4,11332,5,5,1,4,5,5,5,5,1,5,5,1,5,4,5,5,5,5,5,3,4,5,5,5
4,11334,4,5,1,5,5,5,5,5,4,5,5,1,5,5,5,5,5,5,5,5,5,5,2,5
4,11335,4,5,1,4,5,5,2,4,3,4,5,1,4,4,5,5,5,5,4,5,5,5,3,5
4,11336,3,4,3,5,5,4,3,3,3,2,3,1,3,3,3,5,5,5,2,3,5,3,3,5
4,11337,4,5,4,5,5,5,1,3,4,1,5,3,5,3,2,5,5,4,5,5,4,2,2,3
4,11338,5,4,3,5,4,4,4,3,1,5,4,1,3,5,4,4,5,5,4,5,5,3,5,5
4,11339,2,4,1,5,5,4,1,2,1,1,4,5,4,2,2,5,4,2,4,5,2,5,5,1
4,11340,4,4,5,5,4,4,5,5,4,4,1,1,3,5,1,5,5,5,5,5,1,1,2,5
4,11341,5,1,2,5,4,3,2,4,4,2,2,1,2,1,3,5,4,5,2,5,5,4,2,5
4,11343,4,4,5,5,5,4,5,5,4,5,5,5,5,4,5,5,5,4,5,5,4,1,2,1
4,11344,3,1,2,1,2,4,1,2,3,1,2,3,4,5,5,4,1,1,2,2,3,4,3,3
4,11345,4,5,4,5,4,4,5,5,1,4,5,1,3,3,2,5,5,4,5,4,5,2,5,5
4,11346,4,5,5,5,3,4,2,3,3,5,5,3,5,5,5,4,5,5,4,5,4,1,3,3
4,11347,9999,9999,9999,9999,9999,3,3,9999,9999,9999,9999,9999,9999,9999,9999,9999,5,9999,9999,5,5,9999,9999,9999
4,11348,5,5,5,5,5,5,3,5,1,5,5,1,5,1,1,5,5,5,5,5,1,1,5,5
4,11349,2,3,1,5,3,5,5,4,1,5,3,1,5,4,3,4,4,3,5,5,5,5,5,5
4,11350,1,5,1,9999,9999,5,1,1,3,4,1,1,4,3,3,1,2,3,1,1,1,5,3,5
4,11509,5,5,1,4,5,5,1,4,3,1,5,4,5,4,1,5,5,3,3,5,3,5,3,2
4,11511,2,5,1,5,4,4,2,3,5,1,4,5,4,4,5,5,5,5,4,5,5,5,1,1
4,11512,1,5,1,1,4,5,4,4,4,5,1,2,4,5,5,5,4,5,4,5,1,5,2,4
4,11513,1,5,4,4,5,4,1,4,4,4,4,1,4,1,4,4,4,4,4,5,3,2,2,5
4,11530,4,5,2,5,5,5,5,5,3,5,4,1,5,4,5,5,5,5,5,5,4,4,3,5
4,11531,4,5,1,4,5,5,1,3,3,4,5,1,2,2,2,5,5,5,5,5,2,5,3,5
4,11534,4,5,3,4,4,3,4,4,3,5,3,1,5,5,5,5,5,4,5,5,5,3,3,5
4,11535,4,5,1,4,5,1,5,4,1,4,5,1,5,4,1,9999,9999,5,9999,9999,9999,5,5,5
4,11536,2,9999,3,5,5,4,1,4,3,5,4,1,1,3,1,5,5,5,4,4,5,3,3,5
4,11537,4,1,3,5,4,9999,4,5,5,4,5,2,4,5,4,5,4,5,5,4,4,3,1,4
4,11543,5,5,3,4,5,5,4,4,1,5,3,3,1,5,4,5,5,5,5,5,5,3,5,3
4,11544,5,5,4,5,4,5,3,4,1,4,3,1,3,3,1,5,5,5,5,5,5,2,5,5
4,11545,3,4,4,5,5,5,3,3,5,4,5,1,5,1,5,5,5,5,3,5,5,2,1,5
4,11622,9999,5,5,5,9999,4,9999,1,9999,9999,9999,9999,9999,9999,9999,9999,9999,9999,5,9999,9999,1,9999,9999
4,11623,5,5,1,5,5,5,1,3,5,4,5,1,1,1,5,5,5,5,1,5,5,5,1,5
4,11624,4,5,3,4,5,5,1,3,1,9999,9999,9999,1,9999,9999,5,5,5,5,5,5,3,5,9999
4,11625,1,4,3,5,5,1,5,5,1,5,5,1,1,1,1,5,5,5,5,5,5,3,5,5
4,11626,5,9999,5,5,3,5,9999,9999,3,5,5,2,5,5,5,5,5,5,5,5,5,1,3,4
4,11627,5,3,3,3,5,3,5,5,1,3,5,1,1,1,2,5,5,5,5,5,3,3,5,5
4,11628,9999,5,9999,1,5,5,3,5,5,5,1,3,5,3,5,5,5,3,5,5,3,9999,1,3
4,11629,1,5,5,9999,5,5,9999,9999,5,1,9999,9999,9999,9999,5,9999,5,5,5,5,5,1,1,9999
4,11630,5,3,1,5,4,5,1,3,4,4,5,1,1,2,4,5,5,4,5,5,4,5,2,5
4,11631,5,5,5,5,5,5,5,4,1,1,5,1,5,1,5,5,5,5,5,5,5,1,5,5
4,11632,9999,3,9999,5,4,5,1,3,9999,4,5,1,1,2,4,2,9999,9999,5,5,5,9999,9999,5
4,11633,5,5,5,5,5,5,5,5,5,5,5,1,5,5,5,5,5,5,5,5,5,1,1,5
4,11634,5,5,5,5,5,5,5,5,5,5,5,1,5,5,5,5,5,5,5,5,5,1,1,5
4,11635,5,3,9999,1,5,5,5,5,5,5,5,1,5,1,5,5,5,5,5,5,5,9999,1,5
4,11636,1,3,5,1,4,1,3,4,5,4,2,5,4,1,5,3,1,4,2,5,1,1,1,1
4,11637,5,5,4,1,5,5,5,3,5,5,4,1,5,5,1,5,5,5,9999,5,1,2,1,5
4,11638,4,5,5,5,5,4,4,5,1,5,5,1,9999,9999,9999,5,5,5,5,5,5,1,5,5
4,11639,2,4,4,4,4,4,2,2,4,4,2,2,2,2,2,4,4,4,2,4,4,2,2,4
4,11640,4,9999,9999,5,9999,5,9999,4,9999,9999,5,1,5,9999,5,4,5,9999,5,5,1,9999,9999,5
4,11641,5,5,1,5,5,5,5,5,5,5,5,1,5,5,5,5,5,5,5,1,5,5,1,5
4,11729,5,5,5,5,5,5,4,4,4,4,5,1,2,4,3,5,5,5,5,5,5,1,2,5
4,11730,5,4,5,5,5,5,5,4,5,4,5,2,5,5,5,5,5,5,5,5,5,1,1,4
4,11731,5,5,1,5,5,5,5,5,1,5,5,1,5,5,5,5,5,5,5,5,5,5,5,5
4,11732,1,4,5,9999,4,4,3,9999,9999,5,3,1,2,5,1,5,5,3,9999,5,4,1,9999,5
4,11733,1,5,5,2,5,5,4,5,1,5,5,1,5,5,9999,9999,4,5,5,5,1,1,5,5
4,11734,5,4,1,5,5,5,5,3,5,5,5,1,4,4,5,5,4,5,4,5,5,5,1,5
4,11735,5,5,5,5,5,5,5,2,4,5,5,1,5,4,5,5,5,5,5,5,5,1,2,5
4,11736,3,5,5,5,5,5,4,4,4,4,5,3,1,1,3,5,5,4,5,5,5,1,2,3
4,11737,5,4,1,4,5,4,3,3,2,2,3,3,2,3,2,4,3,3,9999,4,3,5,4,3
4,11738,1,3,5,5,5,5,5,5,1,3,5,1,3,3,1,5,5,5,5,5,5,1,5,5
4,11739,5,4,5,4,5,5,5,5,1,5,5,1,5,5,1,5,5,5,9999,5,5,1,5,5
4,11740,5,4,5,4,5,5,5,5,5,5,5,1,5,5,5,5,5,5,3,5,5,1,1,5
4,11741,5,5,5,2,5,5,5,5,2,5,4,1,4,4,5,5,5,5,5,5,5,1,4,5
4,11742,5,3,2,4,4,5,3,3,3,4,5,1,4,5,5,5,4,4,4,5,5,4,3,5
4,11743,4,5,4,3,5,5,5,5,5,5,5,1,1,1,5,5,5,5,5,5,5,2,1,5
4,11744,4,5,3,3,4,5,3,4,1,3,5,1,4,5,1,3,4,3,5,5,5,3,5,5
4,11745,4,4,5,5,5,5,4,3,9999,4,3,1,4,5,5,5,5,5,4,5,5,1,9999,5
4,11747,5,5,5,5,5,5,5,5,1,5,5,1,3,3,5,5,5,5,5,5,5,1,5,5
4,11748,4,5,5,5,4,4,2,4,1,5,2,1,3,5,3,5,5,5,5,4,5,1,5,5
4,11749,1,4,5,3,5,4,1,1,4,1,3,4,1,2,1,5,4,5,5,5,5,1,2,2
4,11750,5,5,5,5,5,5,5,4,5,4,5,2,5,4,4,5,5,5,4,5,5,1,1,4
4,12001,4,5,2,5,5,5,5,5,3,4,3,1,5,5,5,5,5,5,5,5,5,4,3,5
4,12002,5,4,2,3,5,4,3,4,3,5,4,3,3,4,3,5,5,5,4,2,5,4,3,3
4,12003,3,5,5,1,5,3,5,5,1,5,5,3,5,5,1,5,5,5,5,5,5,1,5,3
4,12004,3,3,3,4,5,3,4,3,1,3,2,2,3,4,3,4,5,5,5,5,5,3,5,4
4,12005,3,3,3,3,4,1,2,3,5,4,3,3,3,2,2,3,3,3,2,5,5,3,1,3
4,12006,3,5,4,5,4,5,5,3,2,4,5,1,5,5,4,5,5,5,4,5,5,2,4,5
4,12007,3,5,4,3,4,2,5,4,4,5,3,1,3,4,4,5,5,5,1,2,5,2,2,5
4,12008,3,3,3,3,4,3,3,3,2,3,4,1,4,4,3,5,5,5,4,4,4,3,4,5
4,12009,4,3,2,4,4,3,1,1,3,4,3,1,3,3,2,5,5,5,4,5,4,4,3,5
4,12010,3,4,3,4,4,4,5,5,1,5,4,1,3,2,1,5,5,4,5,5,5,3,5,5
4,12011,4,4,2,4,4,4,5,4,4,4,4,1,4,4,4,4,5,5,5,4,1,4,2,5
4,12012,1,5,1,4,5,4,2,4,2,2,4,1,1,1,4,5,2,4,2,5,2,5,4,5
4,12013,5,4,4,3,4,5,5,5,5,4,5,1,5,5,5,5,5,5,5,5,5,2,1,5
4,12101,3,9999,9999,9999,2,2,9999,2,9999,1,9999,9999,3,9999,3,1,9999,9999,9999,2,9999,9999,9999,9999
4,12102,3,5,1,1,4,1,2,3,1,4,5,3,5,9999,1,3,5,5,1,5,4,5,5,3
4,12103,4,5,2,5,4,4,3,4,4,4,3,2,4,4,5,4,4,5,4,5,4,4,2,4
4,12104,5,5,4,5,5,5,5,5,4,5,5,1,4,5,4,5,5,5,5,5,5,2,2,5
4,12105,5,5,1,5,5,5,5,5,1,1,5,3,3,5,5,5,5,5,5,5,5,5,5,3
4,12106,5,5,1,5,5,5,4,5,1,5,5,1,1,4,5,5,5,5,5,5,1,5,5,5
4,12107,5,4,1,2,9999,9999,9999,9999,9999,9999,9999,9999,9999,9999,9999,9999,9999,9999,9999,9999,9999,5,9999,9999
4,12108,4,4,2,1,4,5,4,5,5,5,1,9999,4,5,1,3,5,4,4,5,4,4,1,9999
4,12109,5,5,3,3,5,5,3,3,3,5,5,3,3,3,5,3,5,5,3,5,5,3,3,3
4,12110,5,5,1,5,5,5,9999,4,1,5,5,5,1,5,5,5,5,5,5,5,5,5,5,1
4,12111,4,5,1,3,5,5,4,3,4,4,5,1,1,4,5,5,5,5,5,5,1,5,2,5
4,12112,1,5,5,5,5,3,5,5,5,5,3,1,5,5,5,5,5,3,5,5,5,1,1,5
4,12113,4,4,4,5,5,5,4,3,2,4,4,3,1,1,4,4,5,5,5,5,4,2,4,3
4,12115,3,4,2,5,5,5,4,5,1,2,5,1,4,4,2,5,5,5,4,5,5,4,5,5
4,12116,5,5,4,5,5,5,5,5,2,5,5,1,5,5,5,5,5,5,4,5,5,2,4,5
4,12118,3,5,4,5,5,5,5,5,2,2,5,5,5,3,5,5,5,5,5,5,5,2,4,1
4,12119,5,1,4,1,5,9999,3,5,5,5,5,1,1,1,5,5,5,5,5,5,5,2,1,5
4,12201,3,5,4,4,5,5,3,4,4,1,1,9999,4,4,3,5,3,5,5,5,5,2,2,9999
4,12202,5,5,5,5,4,5,5,5,5,5,5,5,5,5,5,5,5,5,5,5,5,1,1,1
4,12203,2,1,5,5,4,5,2,1,5,2,5,1,3,2,1,5,5,5,1,4,5,1,1,5
4,12204,5,3,3,9999,3,3,1,1,5,1,3,5,1,1,1,1,1,1,1,3,1,3,1,1
4,12205,3,2,3,9999,9999,4,1,5,2,5,1,3,1,1,1,5,4,3,1,5,1,3,4,3
4,12206,9999,9999,9999,3,3,3,9999,9999,9999,9999,4,9999,9999,3,2,2,2,2,1,1,2,9999,9999,9999
4,12207,4,1,1,5,3,4,3,2,3,4,4,1,3,4,2,4,4,4,3,5,5,5,3,5
4,12208,5,5,4,5,5,5,5,5,1,5,5,1,2,3,5,5,5,5,5,5,5,2,5,5
4,12209,4,4,4,4,5,4,4,5,3,4,4,1,4,4,4,4,4,4,4,4,5,2,3,5
4,12210,1,1,1,1,1,1,1,1,1,1,1,1,1,1,1,1,1,1,1,1,1,5,5,5
4,12212,5,5,5,1,1,1,5,5,5,1,1,1,3,3,5,1,1,3,1,1,1,1,1,5
4,12213,5,5,1,5,5,5,5,5,5,5,5,3,9999,5,4,5,3,5,5,5,5,5,1,3
4,12214,2,2,4,3,4,3,3,2,2,4,2,2,2,2,1,3,5,3,5,5,3,2,4,4
4,12215,4,5,1,5,5,5,3,5,1,5,5,1,5,5,4,5,5,9999,1,5,5,5,5,5
4,12216,5,4,5,5,4,5,5,9999,9999,4,5,1,3,5,3,5,5,5,5,5,4,1,9999,5
4,12217,4,1,2,4,3,4,3,4,2,1,4,3,3,2,1,5,4,3,3,5,5,4,4,3
4,12219,5,5,1,5,5,5,5,5,3,5,5,1,5,5,5,5,5,5,5,5,5,5,3,5
4,12301,4,4,4,3,3,3,3,4,5,3,2,3,3,2,3,4,5,5,4,5,3,2,1,3
4,12302,3,4,2,4,5,5,4,4,3,4,4,1,3,4,5,5,5,5,5,5,3,4,3,5
4,12303,3,4,3,3,4,5,5,3,5,4,1,5,4,1,1,4,5,4,4,5,5,3,1,1
4,12304,4,4,2,5,4,3,4,3,1,2,4,1,3,4,4,5,5,4,5,5,5,4,5,5
4,12305,3,4,1,3,4,3,1,1,2,1,3,5,4,3,2,4,1,4,1,3,1,5,4,1
4,12306,2,4,4,3,5,5,5,4,2,4,3,1,5,4,3,5,5,5,5,5,5,2,4,5
4,12307,5,5,1,9999,9999,3,4,5,2,4,5,1,5,5,5,5,5,5,5,5,5,5,4,5
4,12308,5,3,5,3,5,9999,4,3,1,3,5,3,3,1,5,5,5,5,3,5,5,1,5,3
4,12309,4,5,2,3,5,4,2,2,2,4,3,2,3,4,1,5,5,5,5,3,2,4,4,4
4,12310,1,5,4,2,5,4,2,4,2,2,2,2,3,5,2,5,5,5,3,5,5,2,4,4
4,12311,4,4,3,3,5,5,5,5,3,4,5,4,5,5,4,5,5,5,3,5,5,3,3,2
4,12312,5,5,1,5,1,5,5,9999,9999,3,5,1,5,5,3,5,5,5,5,3,3,5,9999,5
4,12313,5,5,2,5,5,5,5,5,1,5,5,1,5,5,5,5,9999,1,5,5,5,4,5,5
4,12314,3,4,3,3,5,4,4,3,2,5,5,2,3,3,1,5,4,5,5,5,3,3,4,4
4,12316,3,5,1,3,5,5,3,5,5,4,5,1,1,1,5,5,5,5,5,5,5,5,1,5
4,12317,4,5,3,4,5,5,3,3,5,4,3,5,2,5,5,5,5,5,5,5,3,3,1,1
4,12318,3,4,5,5,5,3,3,3,5,5,5,1,4,4,5,5,5,5,5,4,3,1,1,5
4,12319,4,5,1,4,5,5,5,5,4,5,5,1,5,5,5,5,5,5,5,5,5,5,2,5
4,12320,5,5,1,3,5,5,4,5,2,1,5,1,1,1,1,5,5,5,3,5,5,5,4,5
4,12321,2,3,5,3,4,4,5,3,1,2,2,1,1,5,3,3,5,5,3,5,3,1,5,5
4,12322,3,4,5,3,4,5,3,3,4,5,5,1,3,5,3,5,5,5,5,5,5,1,2,5
4,12323,5,4,5,5,5,5,4,3,5,4,5,1,5,3,5,5,5,5,5,1,5,1,1,5
4,12325,1,4,2,3,5,4,1,1,1,3,2,3,3,3,2,5,4,3,4,5,5,4,5,3
4,12402,4,5,1,4,5,4,3,4,1,5,3,1,1,1,4,5,5,5,4,5,1,5,5,5
4,12403,4,5,4,3,5,4,3,3,2,3,5,1,4,5,5,5,5,4,5,5,3,2,4,5
4,12404,5,3,3,4,5,4,4,3,3,3,3,2,1,1,3,5,3,5,3,4,4,3,3,4
4,12405,5,5,1,5,5,5,4,4,3,4,5,1,5,5,4,5,4,5,5,5,1,5,3,5
4,12407,4,5,5,5,5,5,5,5,3,5,4,1,3,3,3,5,5,5,5,5,5,1,3,5
4,12408,4,4,5,4,5,3,5,5,3,4,5,2,5,5,5,5,5,5,5,5,5,1,3,4
4,12409,5,5,1,5,5,5,4,3,2,3,5,1,5,4,3,5,5,5,5,5,5,5,4,5
4,12410,4,5,4,3,5,4,3,5,2,4,4,9999,1,4,5,5,5,4,4,5,3,2,4,9999
4,12411,4,3,4,3,4,4,3,4,2,3,4,2,3,3,4,4,4,5,9999,4,3,2,4,4
4,12412,5,4,5,5,5,4,4,4,1,3,4,5,4,5,5,5,5,5,4,5,4,1,5,1
4,12413,4,4,9999,2,4,4,4,4,2,4,4,2,2,4,9999,4,4,4,4,4,4,9999,4,4
4,12414,5,4,3,5,5,5,3,4,3,4,5,1,3,2,9999,5,5,5,4,5,5,3,3,5
4,12415,4,3,3,5,4,3,5,4,1,9999,4,9999,3,4,5,5,4,5,5,4,5,3,5,9999
4,12416,5,4,1,4,5,4,2,2,1,4,5,2,4,1,5,5,5,5,5,9999,5,5,5,4
4,12501,3,1,5,9999,9999,9999,5,5,5,1,1,5,1,1,1,5,5,5,1,1,9999,1,1,1
4,12502,1,5,5,5,5,5,5,5,1,5,5,1,5,5,5,5,5,5,5,5,5,1,5,5
4,12503,5,4,4,4,5,5,5,4,5,4,5,1,5,1,1,5,5,5,5,5,5,2,1,5
4,12504,5,2,9999,9999,9999,5,5,5,5,9999,9999,9999,9999,5,9999,5,9999,5,5,5,5,9999,1,9999
4,12505,5,2,5,5,5,4,5,2,1,5,5,2,5,5,5,5,5,5,5,5,5,1,5,4
4,12506,4,3,2,5,4,5,5,5,2,3,4,1,3,1,4,5,5,5,5,5,5,4,4,5
4,12507,5,3,1,5,4,3,3,3,4,5,5,1,5,5,5,4,5,3,5,5,4,5,2,5
4,12508,4,5,5,4,5,5,5,5,1,5,5,2,5,4,5,5,5,5,5,5,4,1,5,4
4,12509,1,4,9999,5,5,4,4,3,5,5,2,1,2,2,5,5,5,5,5,5,1,9999,1,5
4,12510,5,4,2,5,5,9999,4,2,3,1,5,1,4,3,5,4,5,3,5,3,5,4,3,5
4,12511,1,5,4,5,4,5,5,5,4,9999,4,4,1,1,5,5,5,5,5,5,5,2,2,2
4,12512,5,4,4,5,4,4,2,4,4,4,9999,9999,4,4,4,4,4,4,4,4,4,2,2,9999
4,12513,3,1,1,3,5,5,5,5,1,5,5,5,9999,4,2,1,1,2,5,1,1,5,5,1
4,12514,4,5,4,5,5,4,4,4,2,5,4,1,3,3,2,4,5,5,3,4,3,2,4,5
4,12515,4,1,4,1,5,5,5,5,4,5,1,4,5,1,5,5,5,5,5,5,5,2,2,2
4,12516,5,5,1,5,5,4,5,5,1,1,4,1,5,4,5,5,5,5,5,5,4,5,5,5
4,12517,4,5,1,5,5,5,5,5,1,5,5,1,5,1,5,5,5,5,5,5,5,5,5,5
4,12601,9999,9999,9999,5,5,5,5,5,5,5,9999,9999,5,5,5,5,5,5,5,5,5,9999,1,9999
4,12602,5,5,5,5,5,5,5,5,5,5,5,5,5,5,5,5,5,5,5,5,5,1,1,1
4,12603,5,5,1,5,5,5,5,5,1,5,5,1,1,1,1,5,5,5,5,5,5,5,5,5
4,12604,5,5,5,5,5,5,5,5,4,5,3,1,5,5,5,3,5,5,5,3,3,1,2,5
4,12605,9999,9999,5,5,5,5,5,5,5,5,5,5,5,5,5,5,5,5,5,9999,9999,1,1,1
4,12606,5,5,5,5,5,5,5,5,2,5,5,2,5,5,5,5,5,5,5,5,5,1,4,4
4,12607,4,4,4,9999,4,9999,1,3,3,4,3,9999,1,5,5,5,5,5,5,4,5,2,3,9999
4,12608,9999,9999,5,9999,5,9999,5,5,9999,9999,5,5,5,5,5,5,5,5,5,5,5,1,9999,1
4,12609,9999,5,9999,5,5,5,5,4,1,5,2,5,1,1,4,5,1,5,5,5,5,9999,5,1
4,12610,5,5,5,5,5,5,5,5,5,5,5,1,9999,1,5,5,5,5,5,5,5,1,1,5
4,12611,9999,9999,5,5,4,4,5,4,3,5,4,2,1,1,3,3,1,1,1,1,3,1,3,4
4,12612,4,5,1,5,5,5,5,5,5,5,5,5,4,5,5,5,4,5,5,5,5,5,1,1
4,12613,5,2,5,5,5,5,5,5,5,5,5,5,5,5,5,5,5,5,2,5,5,1,1,1
4,12614,9999,5,9999,5,5,5,9999,2,9999,9999,9999,5,5,9999,9999,5,5,5,5,5,5,9999,9999,1
4,12615,4,5,5,5,5,5,5,5,1,5,5,1,5,5,1,5,5,5,5,5,5,1,5,5
4,12616,5,5,1,5,5,5,5,5,1,4,5,1,3,4,4,5,5,5,5,5,5,5,5,5
4,12617,5,5,5,5,5,5,5,5,1,9999,5,9999,5,5,5,5,5,5,5,5,5,1,5,9999
4,12618,5,9999,9999,5,5,5,5,5,1,5,9999,5,5,5,5,5,5,5,5,5,5,9999,5,1
4,12801,4,3,3,3,4,1,1,3,5,5,1,1,3,3,1,3,5,4,1,5,1,3,1,5
4,12802,2,2,4,3,3,2,3,4,2,1,2,3,3,3,3,5,4,3,5,5,5,2,4,3
4,12803,5,5,2,3,4,4,5,5,3,5,3,1,1,1,1,5,5,5,1,5,5,4,3,5
4,12804,4,2,5,3,4,4,4,3,5,4,5,3,2,2,4,5,5,4,2,4,2,1,1,3
4,12805,4,5,1,5,5,5,3,3,3,5,3,3,3,3,3,5,4,5,3,5,3,5,3,3
4,12806,5,3,5,2,3,4,3,3,4,3,2,3,3,4,5,5,5,5,4,3,5,1,2,3
4,12807,4,5,3,3,5,5,3,3,5,5,4,5,4,4,4,5,5,4,4,5,3,3,1,1
4,12808,4,4,4,1,9999,9999,3,4,5,4,4,1,3,2,4,4,5,4,3,4,2,2,1,5
4,12809,4,3,9999,3,3,4,3,3,9999,5,4,4,4,4,4,5,5,5,5,5,5,9999,9999,2
4,12810,4,4,1,5,5,5,3,5,4,3,4,2,1,3,1,9999,3,5,2,3,1,5,2,4
4,12811,3,3,1,3,4,3,2,2,3,5,3,2,2,3,1,5,5,5,9999,2,5,5,3,4
4,12812,5,4,5,4,5,5,5,5,5,5,5,1,5,5,5,5,5,5,3,5,5,1,1,5
4,12813,3,4,3,4,5,5,4,9999,1,3,3,9999,1,3,3,5,5,5,3,5,5,3,5,9999
4,12814,4,5,1,5,5,5,1,3,1,3,5,3,3,4,4,5,5,5,5,5,5,5,5,3
4,12816,3,4,3,4,4,4,3,1,2,4,3,2,2,3,3,4,3,4,2,1,1,3,4,4
4,12817,4,3,2,3,4,3,2,2,3,3,4,1,3,2,4,4,4,4,3,9999,4,4,3,5
4,12818,4,1,5,3,3,1,1,1,5,1,1,5,5,3,5,5,5,5,5,5,5,1,1,1